Ad?,Company Name,Stars,Phone Number,Yelp URL,Company URL,Email
Ad,Rinnova Skin and Body,5.0,(720) 770-1291,http://www.yelp.com/biz/rinnova-skin-and-body-boulder,http://rinnovaskinandbody.com/,,2600 30th StSte 100,Boulder,CO,80301
Ad,First Choice Emergency Room,4.0,(303) 678-4340,http://www.yelp.com/biz/first-choice-emergency-room-firestone-2,http://www.fcer.com/locations/denver/firestone/,,5965 Firestone Blvd,Firestone,CO,80504
Natural,Boulder Valley Plastic Surgery,4.5,(303) 449-6666,http://yelp.com/biz/boulder-valley-plastic-surgery-boulder?osq=plastic+surgery,http://www.bvplasticsurgery.com/,,2575 Pearl StSte 300,Boulder,CO,80302
Natural,Squires Plastic Surgery,4.5,(303) 321-3210,http://yelp.com/biz/squires-plastic-surgery-denver-3?osq=plastic+surgery,http://www.squiresclinic.com,,3003 E 3rd AveSte 206,Denver,CO,80206
Natural,"Linda Huang, MD, PC",4.5,(303) 831-8400,http://yelp.com/biz/linda-huang-md-pc-denver?osq=plastic+surgery,http://www.lindahuangmd.com/,,1601 E. 19th Ave Suite 3150,Denver,CO,80218
Natural,The Center for Cosmetic Surgery,5.0,(303) 278-2600,http://yelp.com/biz/the-center-for-cosmetic-surgery-golden-2?osq=plastic+surgery,http://www.thecenterforcosmeticsurgery.net/,,725 Heritage RdSte 100,Golden,CO,80401
Natural,Broadway Center For Plastic Surgery,3.5,(303) 680-8989,http://yelp.com/biz/broadway-center-for-plastic-surgery-lone-tree?osq=plastic+surgery,http://www.broadwayplasticsurgery.com,,9777 S Yosemite StSte 200,Lone Tree,CO,80124
Natural,Boulder Plastic Surgery,5.0,(303) 443-2277,http://yelp.com/biz/boulder-plastic-surgery-boulder?osq=plastic+surgery,http://www.boulderplasticsurgery.com,,2525 4th StSuite 202,Boulder,CO,80304
Natural,"Jeffrey R Raval, MD",4.5,(303) 381-3223,http://yelp.com/biz/jeffrey-r-raval-md-denver?osq=plastic+surgery,http://www.ravalmd.com,,3773 Cherry Creek N DrSte 132,Denver,CO,80209
Natural,Aura Liposculpture & Plastic Surgery,4.5,(303) 440-7546,http://yelp.com/biz/aura-advanced-skin-care-and-laser-aesthetics-boulder-2?osq=plastic+surgery,http://www.auraboulder.com,,2595 Canyon BlvdSuite 350,Boulder,CO,80302
Natural,"Northern Colorado Plastic Surgery, PC",5.0,(970) 493-8800,http://yelp.com/biz/northern-colorado-plastic-surgery-pc-fort-collins?osq=plastic+surgery,http://northerncoloradoplasticsurgery.com,,2315 E Harmony RdSte 160,Fort Collins,CO,80528
Natural,"Steven Vath, MD",5.0,(303) 951-2100,http://yelp.com/biz/steven-vath-md-denver?osq=plastic+surgery,http://www.thecenterforcosmeticsurgery.net/cosmetic-surgeon-vath.cfm,,501 S Cherry StSte 900,Denver,CO,80246
Ad,Ladner Facial Plastic Surgery,5.0,(720) 778-1432,http://www.yelp.com/biz/ladner-facial-plastic-surgery-denver,http://www.drkeithladner.com,,425 S Cherry StSte 321,Denver,CO,80246
Natural,Denver Plastic Surgery Associates,3.5,(303) 320-8618,http://yelp.com/biz/denver-plastic-surgery-associates-denver?osq=plastic+surgery,http://www.denverplasticsurgery.com,,4600 Hale PkwySte 330,Denver,CO,80220
Natural,Fante Eye & Face Centre,4.5,(303) 839-1616,http://yelp.com/biz/fante-eye-and-face-centre-denver?osq=plastic+surgery,http://www.drfante.com/,,3900 E Mexico AveSte 510,Denver,CO,80210
Natural,The Center for Aesthetic Facial Surgery,5.0,(303) 792-3838,http://yelp.com/biz/the-center-for-aesthetic-facial-surgery-greenwood-village-2?osq=plastic+surgery,http://www.thefaceexperts.com/,,7400 E Crestline CirSte 100,Greenwood Village,CO,80111
Natural,Grossman Plastic Surgery,3.5,(303) 320-5566,http://yelp.com/biz/grossman-plastic-surgery-denver-3?osq=plastic+surgery,http://grossmanplasticsurgery.com/,,4600 Hale Pkwy #100,Denver,CO,80220
Natural,Denver Skin Aesthetics,4.5,(303) 832-1542,http://yelp.com/biz/denver-skin-aesthetics-denver?osq=plastic+surgery,http://www.denverskinaesthetics.com,,1578 Humboldt St,Denver,CO,80218
Natural,"Stephen Weber MD, FACS",4.0,(303) 792-2224,http://yelp.com/biz/stephen-weber-md-facs-lone-tree?osq=plastic+surgery,http://weberfacialplasticsurgery.com,,9695 S Yosemite StSte 359,Lone Tree,CO,80124
Natural,"Tanya A Atagi, MD FACS",3.5,(303) 327-7300,http://yelp.com/biz/tanya-a-atagi-md-facs-lone-tree?osq=plastic+surgery,http://www.atagimd.com,,10099 RidgeGate PkwySte 430,Lone Tree,CO,80124
Natural,Plastic Surgery Group,5.0,(303) 399-7662,http://yelp.com/biz/plastic-surgery-group-denver-2?osq=plastic+surgery,http://www.bershofplastic.com,,4500 E 9th AveSte 100,Denver,CO,80220
Natural,Beauty By Buford,5.0,(303) 747-6719,http://yelp.com/biz/beauty-by-buford-englewood?osq=plastic+surgery,http://www.beautybybuford.com/,,125 Inverness Dr ESte 240,Englewood,CO,80112
Natural,"Jack Zamora, MD",5.0,(303) 780-7377,http://yelp.com/biz/jack-zamora-md-denver?osq=plastic+surgery,http://www.drjackzamora.com,,3773 Cherry Creek N DrSte 140,Denver,CO,80209
Ad,Acussage Wellness,5.0,(303) 351-1090,http://www.yelp.com/biz/acussage-wellness-denver,http://www.acussagewellness.com,,1020 15th StSte 1P,Denver,CO,80202
Natural,"Stacey Folk, MD",5.0,(303) 321-6608,http://yelp.com/biz/stacey-folk-md-denver?osq=plastic+surgery,http://www.folkplasticsurgery.com/,,4545 E 9th AveSte 210,Denver,CO,80220
Natural,"Duncan Diane, MD",4.0,(970) 493-7445,http://yelp.com/biz/duncan-diane-md-fort-collins?osq=plastic+surgery,http://www.drdianeduncan.com/,,1701 E Prospect Rd,Fort Collins,CO,80525
Natural,Colorado Surgical Arts,3.0,(303) 806-8600,http://yelp.com/biz/colorado-surgical-arts-englewood?osq=plastic+surgery,http://www.cosurgicalarts.com/,,3701 S Clarkson StSte 300,Englewood,CO,80113
Natural,Lone Tree Facial Plastic & Cosmetic Surgery Center,5.0,(303) 788-6632,http://yelp.com/biz/lone-tree-facial-plastic-and-cosmetic-surgery-center-lone-tree?osq=plastic+surgery,http://www.lonetreefacial.com,,9218 Kimmer DrSte 201,Lone Tree,CO,80124
Natural,The Center For Cosmetic Surgery,5.0,(303) 951-2100,http://yelp.com/biz/the-center-for-cosmetic-surgery-denver-3?osq=plastic+surgery,http://www.thecenterforcosmeticsurgery.net/,,501 S Cherry StSte 900,Denver,CO,80246
Natural,"Paul Zwiebel, MD",2.5,(303) 470-3400,http://yelp.com/biz/paul-zwiebel-md-highlands-ranch?osq=plastic+surgery,http://www.drzwiebel.com,,Zwiebel Center Plastic Surgery &amp; Skin Care2050 E County Line Rd,Highlands Ranch,CO,80126
Natural,Colorado Plastic Surgery Center,2.5,(303) 783-1000,http://yelp.com/biz/colorado-plastic-surgery-center-littleton?osq=plastic+surgery,http://www.coloradoplasticsurgery.com,,761 SouthPark Dr,Littleton,CO,80120
Natural,"Joseph F Serota, MD",1.5,(303) 367-9000,http://yelp.com/biz/joseph-f-serota-md-aurora?osq=plastic+surgery,http://www.serotamd.com,,13701 E Mississippi Ave#220,Aurora,CO,80012
Natural,Colorado Aesthetic & Plastic Surgery,2.5,(303) 741-3131,http://yelp.com/biz/colorado-aesthetic-and-plastic-surgery-greenwood-village?osq=plastic+surgery,http://www.coloradoaestheticplasticsurgery.com,,7180 E. Orchard RdSte 206,Greenwood Village,CO,80122
Ad,Allergy Asthma Colorado,5.0,(720) 465-7119,http://www.yelp.com/biz/allergy-asthma-colorado-englewood,http://www.allergyasthmacolorado.com/,,7180 E Orchard RdSte 208,Englewood,CO,80111
Ad,AFC/Doctors Express Urgent Care,3.5,(303) 220-9168,http://www.yelp.com/biz/afc-doctors-express-urgent-care-centennial,http://www.doctorsexpresscentennial.com/,,8006 E Araphoe RdSte 100,Centennial,CO,80112
Natural,Center for Plastic and Aesthetic Surgery,3.5,(303) 708-8234,http://yelp.com/biz/center-for-plastic-and-aesthetic-surgery-englewood-3?osq=plastic+surgery,http://www.drmanishshah.com,,125 Inverness Drive EastSte 200,Englewood,CO,80112
Natural,Plastic Surgery Folk Stacey MD,N/A,(303) 321-6608,http://yelp.com/biz/plastic-surgery-folk-stacey-md-denver?osq=plastic+surgery,http://www.folkplasticsurgery.com,,4700 Hale PkwySte 520,Denver,CO,80220
Natural,Asthetics by Design,5.0,(303) 866-0180,http://yelp.com/biz/asthetics-by-design-englewood?osq=plastic+surgery,http://www.cofps.com,,3600 S Logan StSte 100,Englewood,CO,80113
Natural,Murphy Plastic Surgery,2.5,(303) 788-8400,http://yelp.com/biz/murphy-plastic-surgery-englewood?osq=plastic+surgery,http://www.murphyplasticsurgery.com,,799 E Hampden AveSte 540,Englewood,CO,80113
Natural,McCracken Eye and Face Institute,5.0,(720) 851-6600,http://yelp.com/biz/mccracken-eye-and-face-institute-parker?osq=plastic+surgery,http://www.mccrackenmd.com/,,11960 Lioness WaySte 160,Parker,CO,80134
Natural,"Richard E. Albin, MD, PHD",3.5,(303) 839-9000,http://yelp.com/biz/richard-e-albin-md-phd-denver-2?osq=plastic+surgery,http://www.cosmeticsurgeryalbin.com,,1601 E 19th AveSte 4350,Denver,CO,80218
Natural,La Fontaine Aesthetics,4.5,(303) 355-4772,http://yelp.com/biz/la-fontaine-aesthetics-denver?osq=plastic+surgery,http://www.denverfusionspa.com,,2774 E 2nd Ave,Denver,CO,80206
Natural,"Glenn Hermann, MD PC",N/A,(303) 664-9400,http://yelp.com/biz/glenn-hermann-md-pc-lafayette?osq=plastic+surgery,http://www.coalcreekplasticsurgery.com/,,130 Old Laramie Trl,Lafayette,CO,80026
Natural,bod:evolve,5.0,(720) 475-8480,http://yelp.com/biz/john-a-millard-md-lone-tree-2?osq=plastic+surgery,http://www.bodevolve.com/,,"9777 S. Yosemite Street, Suite 200A",Lone Tree,CO,80124
Natural,"Peter M Schmid, DO",N/A,(303) 651-6846,http://yelp.com/biz/peter-m-schmid-do-longmont-2?osq=plastic+surgery,http://www.theaestheticsurgeon.com,,"1305 Sumner St, Ste 100",Longmont,CO,80501
Ad,Colorado Cyberknife,N/A,(303) 926-9800,http://www.yelp.com/biz/colorado-cyberknife-lafayette,http://www.coloradocyberknife.com/,,120 Old Laramie Trail E,Lafayette,CO,80026
Natural,Park Meadows Cosmetic Surgery,N/A,(303) 706-1100,http://yelp.com/biz/the-breast-center-park-meadows-cosmetic-surgery-lone-tree?osq=plastic+surgery,http://www.parkmeadowscosmeticsurgery.com,,"7430 E. Park Meadows Drive, Suite 300",Lone Tree,CO,80124
Natural,Gonyon Cosmetic and Plastic Surgery,1.0,(970) 624-7979,http://yelp.com/biz/gonyon-cosmetic-and-plastic-surgery-johnstown?osq=plastic+surgery,http://www.drgonyon.com,,4450 Union Street,Johnstown,CO,80534
Natural,Front Range Plastic Surgery,5.0,(970) 372-2310,http://yelp.com/biz/front-range-plastic-and-reconstructive-surgery-loveland?osq=plastic+surgery,http://frontrangeplasticsurgery.com/,,2500 Rocky Mountain AveSuite #2130,Loveland,CO,80538
Natural,"Gary R Snider, MD",N/A,(720) 726-9924,http://yelp.com/biz/gary-r-snider-md-denver?osq=plastic+surgery,http://www.plasticsurgeryofdenver.com,,1830 Franklin StSte 470,Denver,CO,80218
Natural,Aesthetic Plastic Surgery Center of Colorado,N/A,(970) 330-5555,http://yelp.com/biz/aesthetic-plastic-surgery-center-of-colorado-greeley?osq=plastic+surgery,http://www.drhenley.com,,6500 W 29th StSte 106,Greeley,CO,80634
Natural,"Jerry K Popham, MD Oculoplastic Surgeon",5.0,(303) 468-8844,http://yelp.com/biz/jerry-k-popham-md-oculoplastic-surgeon-denver?osq=plastic+surgery,http://www.parkavenueoculoplasticsurgeons.com/,,1800 Emerson St,Denver,CO,80218
Natural,Campanile Plastic Surgery,5.0,(303) 345-7476,http://yelp.com/biz/campanile-plastic-surgery-denver?osq=plastic+surgery,http://www.campanileplasticsurgery.com,,425 S Cherry StSte 321,Denver,CO,80246
Natural,Kuisle Hans R Cosmetic Plastic Surgery,N/A,(303) 443-2277,http://yelp.com/biz/kuisle-hans-r-cosmetic-plastic-surgery-boulder?osq=plastic+surgery,,,,,,
Natural,"Nick Slenkvich MD, FACS - CO Plastic Surgery Denver Office",N/A,(303) 353-1880,http://yelp.com/biz/nick-slenkvich-md-facs-denver?osq=plastic+surgery,http://www.denverbreastsurgerycenter.com,,3900 E. Mexico Ave. Suite 510,Denver,CO,80210
Natural,"Andrew J Wolfe, MD",5.0,(303) 278-2600,http://yelp.com/biz/andrew-j-wolfe-md-golden-5?osq=plastic+surgery,http://www.thecenterforcosmeticsurgery.net/cosmetic-surgeon-wolfe.cfm,,725 Heritage RdSte 100,Golden,CO,80401
Natural,"Richard A Mouchantat, MD",N/A,(303) 232-8585,http://yelp.com/biz/richard-a-mouchantat-md-wheat-ridge?osq=plastic+surgery,http://www.drmouchantat.com/,,3280 Wadsworth Blvd,Wheat Ridge,CO,80033
Natural,Advanced Cosmetic Surgery Center,5.0,(303) 367-9000,http://yelp.com/biz/advanced-cosmetic-surgery-center-aurora-3?osq=plastic+surgery,http://serotamd.com,,13701 East Mississippi AvenueSuite #220,Aurora,CO,80012
Natural,Mile High Plastic Surgery,N/A,(303) 747-6728,http://yelp.com/biz/mile-high-plastic-surgery-denver?osq=plastic+surgery,http://plasticsurgeonincolorado.com,,2975 RoslynSte 140,Denver,CO,80238
Natural,Colorado Facial Plastic Surgery Center,5.0,(303) 839-7980,http://yelp.com/biz/colorado-facial-plastic-surgery-center-englewood?osq=plastic+surgery,http://cofps.com/,,3600 S Logan StSte 100,Englewood,CO,80113
Natural,"Jason Martin, MD",N/A,(303) 589-9420,http://yelp.com/biz/jason-martin-md-denver?osq=plastic+surgery,http://www.JasonMartinMD.com,,255 Detroit StPenthouse,Denver,CO,80206
Natural,Raval Facial Aesthetics,5.0,(720) 507-0090,http://yelp.com/biz/raval-facial-aesthetics-denver-2?osq=plastic+surgery,http://www.ravalmd.com,,3773 Cherry Creek N DrSte 132,Denver,CO,80209
Natural,"Paul M Steinwald, MD",N/A,(303) 951-2100,http://yelp.com/biz/paul-m-steinwald-md-denver?osq=plastic+surgery,http://www.thecenterforcosmeticsurgery.net/,,The Center For Cosmetic Surgery501 S Cherry StSte 900,Denver,CO,80246
Natural,"Andrew Wolfe, MD",N/A,(303) 951-2100,http://yelp.com/biz/andrew-wolfe-md-denver?osq=plastic+surgery,http://www.thecenterforcosmeticsurgery.net/cosmetic-surgeon-wolfe.cfm,,501 S Cherry StSte 900,Denver,CO,80246
Natural,Dr. Steven Vath,N/A,(303) 278-2600,http://yelp.com/biz/dr-steven-vath-golden-3?osq=plastic+surgery,http://www.thecenterforcosmeticsurgery.net/cosmetic-surgeon-vath.cfm,,725 Heritage RdSte 100,Golden,CO,80401
Ad,Red Rocks Foot And Ankle Center,5.0,(303) 584-8900,http://www.yelp.com/biz/red-rocks-foot-and-ankle-center-denver,http://www.denverfeet.com,,4700 E Iliff Ave,Denver,CO,80222
Natural,Aesthetic Laser Plastic Surgery Center,N/A,(303) 682-3386,http://yelp.com/biz/aesthetic-laser-plastic-surgery-center-longmont?osq=plastic+surgery,,,,,,
Natural,Baker Center For Plastic Surgery PC,N/A,(303) 563-3318,http://yelp.com/biz/baker-center-for-plastic-surgery-pc-centennial?osq=plastic+surgery,http://www.bakerplasticsurgery.com,,5161 E Arapahoe RdSte 340,Centennial,CO,80122
Natural,FacesFirst,N/A,(303) 744-2300,http://yelp.com/biz/facesfirst-denver?osq=plastic+surgery,,,,,,
Natural,Revalla Plastic Surgery and Medical Aesthetics,N/A,(720) 283-2500,http://yelp.com/biz/revalla-plastic-surgery-and-medical-aesthetics-littleton-2?osq=plastic+surgery,http://www.revalla.com/,,7750 S BroadwaySte 150,Littleton,CO,80122
Natural,Alpine Plastic Surgery Associates,N/A,(303) 487-6868,http://yelp.com/biz/alpine-plastic-surgery-associates-denver?osq=plastic+surgery,,,,,,
Natural,Alpine Plastic Surgery Assoc,N/A,(303) 429-7582,http://yelp.com/biz/alpine-plastic-surgery-assoc-denver?osq=plastic+surgery,,,,,,
Natural,Denver Integrated Plastic Surgery,N/A,(303) 783-9997,http://yelp.com/biz/denver-integrated-plastic-surgery-englewood?osq=plastic+surgery,http://www.denverintegratedplasticsurgery.com,,3701 S ClarksonSte 200,Englewood,CO,80113
Natural,"Michael R Menachof, MD",1.0,(303) 792-3838,http://yelp.com/biz/michael-r-menachof-md-greenwood-village-2?osq=plastic+surgery,http://www.thefaceexperts.com/,,7400 E Crestline CirSte 100,Greenwood Village,CO,80111
Natural,Plastic Surgical Associates of Fort Collins,5.0,(970) 493-7445,http://yelp.com/biz/plastic-surgical-associates-of-fort-collins-fort-collins?osq=plastic+surgery,http://www.drdianeduncan.com,,1701 E Prospect Rd,Fort Collins,CO,80525
Natural,Millard Plastic Surgery,N/A,(303) 792-5665,http://yelp.com/biz/john-a-millard-md-pc-lone-tree?osq=plastic+surgery,http://www.millardplasticsurgery.com/,,"9777 S. Yosemite Street, Suite 200A",Lone Tree,CO,80124
Natural,Sono Bello Body Contour Centers,5.0,(303) 500-7055,http://yelp.com/biz/sono-bello-body-contour-centers-greenwood-village?osq=plastic+surgery,http://www.sonobello.com,,8200 E. Belleview AvenueSte 100C,Greenwood Village,CO,80111
Natural,Denver Face and Body,N/A,(303) 708-8234,http://yelp.com/biz/denver-face-and-body-englewood?osq=plastic+surgery,http://www.denverbreastaug.com,,125 Inverness Dr ESte 200,Englewood,CO,80112
Natural,"Gregory A Buford, MD",N/A,(303) 747-6719,http://yelp.com/biz/gregory-a-buford-md-englewood?osq=plastic+surgery,http://www.beautybybuford.com,,125 Inverness Dr ESte 240,Englewood,CO,80112
Natural,Visage Center,N/A,(720) 848-4300,http://yelp.com/biz/visage-center-lone-tree?osq=plastic+surgery,http://www.visagecenter.com,,8080 E Park Meadows Dr,Lone Tree,CO,80124
Natural,"Alpine Ear, Nose & Throat, PC",1.0,(970) 221-1177,http://yelp.com/biz/alpine-ear-nose-and-throat-pc-fort-collins?osq=plastic+surgery,http://www.alpineent.com/,,1120 E Elizabeth StSte F101,Fort Collins,CO,80524
Natural,"Conrad J Tirre, MD FACS",N/A,(303) 832-3965,http://yelp.com/biz/conrad-j-tirre-md-facs-denver?osq=plastic+surgery,http://www.conradtirremd.com/,,1578 Humboldt St,Denver,CO,80218
Natural,Alpine Facial Plastic Surgery,N/A,(970) 593-1177,http://yelp.com/biz/alpine-facial-plastic-surgery-loveland?osq=plastic+surgery,,,,,,
Natural,Tribal Rites Tattoo and Piercing,4.5,(303) 449-4611,http://yelp.com/biz/tribal-rites-tattoo-and-piercing-boulder?osq=plastic+surgery,http://www.tribalrites.com,,1309 E College Ave,Boulder,CO,80302
Natural,Plastic Surgery Clinic South L L C,N/A,(303) 768-0706,http://yelp.com/biz/plastic-surgery-clinic-south-l-l-c-lone-tree?osq=plastic+surgery,,,,,,
Natural,Susie Organic,4.5,(720) 287-4243,http://yelp.com/biz/susie-organic-denver?osq=plastic+surgery,http://susieorganicskincare.com,,250 Steele StSte 214,Denver,CO,80206
Natural,Dr. Jack Zamora Cosmetic Surgery and Aesthetics,4.5,(303) 221-3333,http://yelp.com/biz/dr-jack-zamora-cosmetic-surgery-and-aesthetics-denver-3?osq=plastic+surgery,http://www.avantidenver.com,,255 Detroit StSte 200,Denver,CO,80206
Natural,RonnaSkin,4.5,(303) 638-9322,http://yelp.com/biz/ronnaskin-westminster?osq=plastic+surgery,http://Ronnaskin.com,,11865 Bradburn Blvd,Westminster,CO,80031
Natural,Magic Nails,3.5,(303) 278-7274,http://yelp.com/biz/magic-nails-lakewood?osq=plastic+surgery,,,,,,
Natural,Boulder Orthopedics PC,4.0,(303) 449-2730,http://yelp.com/biz/boulder-orthopedics-pc-boulder?osq=plastic+surgery,http://www.boulderorthopedics.com,,933 Alpine Ave,Boulder,CO,80304
Natural,Blooming Massage,5.0,(303) 827-5101,http://yelp.com/biz/blooming-massage-longmont?osq=plastic+surgery,http://www.bloomingmassage.com,,1260 S Hover StSte D,Longmont,CO,80501
Natural,Body Massage Wellness Spa,4.0,(720) 943-0644,http://yelp.com/biz/body-massage-wellness-spa-denver?osq=plastic+surgery,http://www.bodymassagewellnessspa.com,,1616 Welton Street,Denver,CO,80202
Ad,Wellspring Colon Hydrotherapy,5.0,(720) 548-2488,http://www.yelp.com/biz/wellspring-colon-hydrotherapy-boulder,http://www.wellspringcolonhydrotherapy.com,,"3445 Penrose Place, Ste. 260",Boulder,CO,80301
Natural,Center For Advanced Dermatology,1.5,(303) 989-5231,http://yelp.com/biz/center-for-advanced-dermatology-lakewood?osq=plastic+surgery,http://www.cadcolorado.com/,,3455 S Yarrow St,Lakewood,CO,80227
Natural,Rejuvenate Skin Care,4.0,(303) 279-6100,http://yelp.com/biz/rejuvenate-skin-care-golden-2?osq=plastic+surgery,http://www.thecenterforskincare.net,,725 Heritage RdSte 100,Golden,CO,80401
Natural,Therapy World Medical Spa,3.5,(303) 420-3999,http://yelp.com/biz/therapy-world-medical-spa-arvada?osq=plastic+surgery,http://TherapyWorldMedicalSpa.com,,6390 Gardenia StSte 120,Arvada,CO,80004
Natural,Skin Essentials,5.0,(720) 283-0492,http://yelp.com/biz/skin-essentials-littleton?osq=plastic+surgery,http://www.skinessentialsco.com/,,2559 W Main St,Littleton,CO,80120
Natural,The Electric Crayon Tattoo Co.,4.5,(303) 745-7245,http://yelp.com/biz/the-electric-crayon-tattoo-co-aurora?osq=plastic+surgery,,,,,,
Natural,Skyline Medical Offices,2.5,(303) 338-4545,http://yelp.com/biz/skyline-medical-offices-denver?osq=plastic+surgery,http://kp.org/kpweb/facilitydir/facility.do?id=100514,,1375 E. 20th Avenue,Denver,CO,80205
Natural,Denver Eye Surgeons,4.0,(303) 279-6600,http://yelp.com/biz/denver-eye-surgeons-lakewood?osq=plastic+surgery,http://www.denvereyesurgeons.com/,,"13772 Denver W PkwyBldg 55, Ste 100",Lakewood,CO,80401
Natural,Renu Laser & Skin Care,5.0,(303) 470-0200,http://yelp.com/biz/renu-laser-and-skin-care-littleton?osq=plastic+surgery,http://www.renulaserandskincare.com,,1480 W Canal Ct,Littleton,CO,80120
Natural,"David Drucker, MD PC",3.0,(303) 219-9865,http://yelp.com/biz/david-drucker-md-pc-denver?osq=plastic+surgery,http://www.eyedoctor-denver.com/,,1255 19th StSte 101,Denver,CO,80202
Natural,Front Range Otolaryngology & Facial Plastic Surgery,3.0,(720) 494-9111,http://yelp.com/biz/front-range-otolaryngology-and-facial-plastic-surgery-longmont-2?osq=plastic+surgery,http://www.frontrangeoto.com,,1325 Dry Creek DrUnit 103,Longmont,CO,80503
Ad,Acupuncture Natural Healing,5.0,(303) 340-0300,http://www.yelp.com/biz/acupuncture-natural-healing-aurora,,,,,,
Natural,Rocky Mountain Dermatology,3.5,(303) 444-0833,http://yelp.com/biz/rocky-mountain-dermatology-boulder?osq=plastic+surgery,http://rockymtndermatology.com,,2400 Spruce StSte 101,Boulder,CO,80302
Natural,Rocky Mountain WomenвЂ™s Care,4.5,(303) 861-4914,http://yelp.com/biz/rocky-mountain-womens-care-denver?osq=plastic+surgery,http://www.RMWCobgyn.com,,1601 E 19th AveSte 4200,Denver,CO,80218
Natural,The Aesthetic Lounge Medical Spa,3.0,(303) 670-7755,http://yelp.com/biz/the-aesthetic-lounge-medical-spa-evergreen?osq=plastic+surgery,http://www.drzamoraevergreen.com,,27905 Meadow DrSte 11,Evergreen,CO,80439
Natural,AlchemГЇ Aesthetic Clinic,N/A,(303) 320-5516,http://yelp.com/biz/alchem%C3%AF-aesthetic-clinic-denver?osq=plastic+surgery,http://thereidclinic-myskincare.com,,4545 E 9th AveSte 200,Denver,CO,80220
Natural,Eye Care Center of Northern Colorado,3.0,(303) 772-3300,http://yelp.com/biz/eye-care-center-of-northern-colorado-longmont-2?osq=plastic+surgery,http://www.eyecaresite.com,,1400 Dry Creek Drive,Longmont,CO,80503
Natural,Vitality Spa,4.5,(303) 935-9337,http://yelp.com/biz/vitality-spa-denver?osq=plastic+surgery,,,,,,
Natural,Rejuvenate,3.5,(303) 951-2100,http://yelp.com/biz/rejuvenate-denver-2?osq=plastic+surgery,http://www.thecenterforskincare.net/,,501 S Cherry StSte 900,Denver,CO,80246
Natural,Smiles By Dr Robin,2.0,,http://yelp.com/biz/smiles-by-dr-robin-centennial?osq=plastic+surgery,http://smilesbydrrobin.com,,9025 E Mineral CirSte 102,Centennial,CO,80112
Natural,Mad Peaches MedSpa,3.0,(303) 474-4436,http://yelp.com/biz/mad-peaches-medspa-denver?osq=plastic+surgery,http://www.madpeaches.com,,75 S Madison StSte 201,Denver,CO,80209
Natural,Essential Laser & Skin Care at Squires Plastic Surgery,N/A,(303) 321-3210,http://yelp.com/biz/essential-laser-and-skin-care-at-squires-plastic-surgery-denver?osq=plastic+surgery,,,,,,
Natural,Melinda Walsh Esthetics,N/A,(303) 881-3711,http://yelp.com/biz/melinda-walsh-esthetics-littleton?osq=plastic+surgery,http://www.melindawalshesthetics.com,,8174 S Kipling PkwySte 130,Littleton,CO,80127
Natural,EricaвЂ™s Boutique and Skin Care,N/A,(303) 762-0266,http://yelp.com/biz/ericas-boutique-and-skin-care-englewood?osq=plastic+surgery,http://www.ericaskincare.com/index.html,,3490 S Sherman,Englewood,CO,80113
Natural,InSight Lasik,5.0,(720) 880-6455,http://yelp.com/biz/insight-lasik-lafayette?osq=plastic+surgery,http://www.insightlasik.com,,300 Exempla CirSte 120,Lafayette,CO,80026
Natural,Implant And Oral Surgery Center,3.0,(303) 933-8382,http://yelp.com/biz/implant-and-oral-surgery-center-littleton?osq=plastic+surgery,http://implantandoralsurgery.com/wp/,,6179 S BalsamSte 100,Littleton,CO,80123
Natural,"Denver Skin Clinic, PC",2.5,(303) 322-7789,http://yelp.com/biz/denver-skin-clinic-pc-denver?osq=plastic+surgery,http://www.denverskinclinic.com,,2200 E 18th Ave,Denver,CO,80206
Natural,Apex Dermatology Group PC,3.0,(303) 795-2030,http://yelp.com/biz/apex-dermatology-group-pc-littleton?osq=plastic+surgery,http://www.apexdermatology.com,,1420 W Canal CtSte 50,Littleton,CO,80120
Natural,Corson Dentistry,4.5,(303) 825-3818,http://yelp.com/biz/corson-dentistry-denver?osq=plastic+surgery,http://corsondentistry.com,,5307 E Yale AveSte 1,Denver,CO,80222
Natural,Mi Bella Piel,N/A,(303) 981-9260,http://yelp.com/biz/mi-bella-piel-highlands-ranch?osq=plastic+surgery,http://www.mibellapiel.com,,"",Highlands Ranch,CO,80126
Natural,Omni Eye Specialist,4.5,(303) 377-2020,http://yelp.com/biz/omni-eye-specialist-denver?osq=plastic+surgery,http://www.omnieye.com/,,55 Madison St,Denver,CO,80206
Natural,Four Seasons Massage and Spa,5.0,(303) 718-7415,http://yelp.com/biz/four-seasons-massage-and-spa-greenwood-village-2?osq=plastic+surgery,http://www.fourseasonsmassageandspa.com/,,6001 S Willow DrSte 24,Greenwood Village,CO,80111
Natural,University of Colorado Hospital,3.0,(303) 372-0000,http://yelp.com/biz/university-of-colorado-hospital-aurora-7?osq=plastic+surgery,https://www.uchealth.org/metrodenver/Pages/default.aspx,,12605 E 16th Ave,Aurora,CO,80010
Natural,Barron James L MD FACS,2.0,(303) 736-6555,http://yelp.com/biz/barron-james-l-md-facs-wheat-ridge?osq=plastic+surgery,http://www.entindenver.com/patient-information/patient-information.asp,,4350 Wadsworth Blvd,Wheat Ridge,CO,80033
Natural,Colorado Electrology Clinique,N/A,(303) 233-1296,http://yelp.com/biz/colorado-electrology-clinique-wheat-ridge?osq=plastic+surgery,http://www.coloradoelectrologyclinique.com/,,3000 Youngfield Ste 324Suite 324,Wheat Ridge,CO,80215
Natural,Walgreens,2.0,(303) 433-8911,http://yelp.com/biz/walgreens-denver-17?osq=plastic+surgery,http://www.walgreens.com/locator/Walgreens-2975-FEDERAL-BLVD-DENVER-CO-80211/id=4301,,2975 Federal Blvd,Denver,CO,80211
Natural,The Hand Center,1.0,(303) 957-7116,http://yelp.com/biz/the-hand-center-broomfield-2?osq=plastic+surgery,http://www.handcentercolorado.com,,80 Garden CtrSte 223,Broomfield,CO,80020
Natural,Plaza Periodontics & Implant Dentistry,5.0,(720) 325-2505,http://yelp.com/biz/plaza-periodontics-and-implant-dentistry-highland-ranch?osq=plastic+surgery,http://www.plazaperio.com,,200 Plaza DrSuite 220,Highlands Ranch,CO,80129
Natural,Altura Periodontics,3.5,(303) 695-0990,http://yelp.com/biz/altura-periodontics-denver?osq=plastic+surgery,http://yourdentalimplants.com/,,3690 S. Yosemite Street,Denver,CO,80237
Ad,"Pediatrics 5280, PC",5.0,(303) 779-5437,http://www.yelp.com/biz/pediatrics-5280-pc-centennial,http://www.pediatrics5280.com,,9094 E Mineral AveSte 120,Centennial,CO,80112
Natural,DaVinci Teeth Whitening,3.0,(720) 596-4628,http://yelp.com/biz/davinci-teeth-whitening-parker?osq=plastic+surgery,http://www.davinciteethwhiteningsystem.com,,12543 N Hwy 83Ste 224,Parker,CO,80134
Natural,Boulder Implants & Periodontics,5.0,(303) 938-8300,http://yelp.com/biz/boulder-implants-and-periodontics-boulder?osq=plastic+surgery,http://www.boulderimplant.com,,1840 Folsom StSte 302,Boulder,CO,80302
Natural,Murray Orthodontics,3.0,(970) 587-5228,http://yelp.com/biz/murray-orthodontics-johnstown-2?osq=plastic+surgery,http://www.murrayortho.com/,,257 Johnstown Center DrSte 201,Johnstown,CO,80534
Natural,Replogle Plastic Surgery,N/A,(303) 666-4554,http://yelp.com/biz/replogle-plastic-surgery-louisville?osq=plastic+surgery,http://www.replogleplasticsurgery.com,,1032 S 88th Street,Louisville,CO,80027
Natural,Cherry Creek Modern Dentistry,2.0,(303) 800-5275,http://yelp.com/biz/cherry-creek-modern-dentistry-glendale-2?osq=plastic+surgery,http://www.cherrycreekmoderndentistry.com?sc_cid=yelp_listing,,1100 S Colorado Blvd,Glendale,CO,80246
Natural,Eyes of the World Optical,4.5,(303) 282-5427,http://yelp.com/biz/eyes-of-the-world-optical-denver-3?osq=plastic+surgery,http://www.eyesofworld.com,,2036 E 17th Ave,Denver,CO,80206
Natural,Optique of Denver,5.0,(303) 844-3937,http://yelp.com/biz/optique-of-denver-denver?osq=plastic+surgery,http://www.optiqueofdenver.com,,1580 Blake St,Denver,CO,80202
Natural,Schmidt Facial Plastic Surgery,N/A,(720) 443-2235,http://yelp.com/biz/schmidt-facial-plastic-surgery-englewood?osq=plastic+surgery,http://www.schmidtplasticsurgery.com/,,125 Inverness Dr ESte 250,Englewood,CO,80112
Natural,Options Cosmetic and Plastic Surgery Center,N/A,(303) 866-8290,http://yelp.com/biz/options-cosmetic-and-plastic-surgery-center-denver?osq=plastic+surgery,,,,,,
Ad,InBody Holistic,N/A,(303) 638-0294,http://www.yelp.com/biz/inbody-holistic-boulder,http://www.inbodyholistic.com,,1637 28th St,Boulder,CO,80304
Natural,Plastic Surgery Clinic,N/A,(303) 830-7200,http://yelp.com/biz/plastic-surgery-clinic-denver?osq=plastic+surgery,,,,,,
Natural,Tuchler Robert E MD Plastic & Hand Surgery,N/A,(303) 830-7200,http://yelp.com/biz/tuchler-robert-e-md-plastic-and-hand-surgery-denver?osq=plastic+surgery,,,,,,
Natural,Precision Plastic and Hand Surgery,N/A,(303) 954-8878,http://yelp.com/biz/precision-plastic-and-hand-surgery-golden?osq=plastic+surgery,http://www.precisionplasticandhandsurgery.com,,2801 Youngfield StSte 371,Golden,CO,80401
Natural,Pelvic Specialty Care,N/A,(303) 322-0500,http://yelp.com/biz/pelvic-specialty-care-englewood?osq=plastic+surgery,http://www.lvrdenver.com,,9800 Pyramid Ct Ste 300,Englewood,CO,80112
Natural,Denver Plastic Surgery,N/A,(303) 647-5537,http://yelp.com/biz/denver-plastic-surgery-denver-2?osq=plastic+surgery,,,,,,
Natural,Aurora Plastic Surgery,N/A,(303) 695-4369,http://yelp.com/biz/aurora-plastic-surgery-aurora?osq=plastic+surgery,http://www.auroraplasticsurgery.com,,1411 S Potomac Street,Aurora,CO,80012
Natural,Colorado Plastic Surgery,N/A,(303) 783-1000,http://yelp.com/biz/colorado-plastic-surgery-englewood?osq=plastic+surgery,,,,,,
Natural,Bellasano Plastic Surgery,N/A,(720) 283-2500,http://yelp.com/biz/bellasano-plastic-surgery-littleton?osq=plastic+surgery,,,,,,
Natural,Aesthetic Reconstructive Plastic Surgery Center of Colorado,N/A,(720) 283-2500,http://yelp.com/biz/aesthetic-reconstructive-plastic-surgery-center-of-colorado-littleton?osq=plastic+surgery,,,,,,
Natural,Hepworth Edward MD,5.0,(303) 799-6161,http://yelp.com/biz/hepworth-edward-md-lone-tree?osq=plastic+surgery,,,,,,
Natural,"Karen J Johnson, MD",3.0,(303) 388-8807,http://yelp.com/biz/karen-j-johnson-md-denver?osq=plastic+surgery,http://www.denverskincancer.com,,4700 Hale PkwySte 140,Denver,CO,80220
Natural,University Plastic Surgery At Cherry Creek,N/A,(303) 372-3160,http://yelp.com/biz/university-plastic-surgery-at-cherry-creek-denver?osq=plastic+surgery,,,,,,
Natural,Aspen Eye Wear,4.0,(303) 447-0210,http://yelp.com/biz/aspen-eye-wear-boulder?osq=plastic+surgery,http://www.aspeneyewear.com/,,2525 Arapahoe AveUnit E23,Boulder,CO,80302
Natural,MarkвЂ™s Optical,5.0,(303) 394-9937,http://yelp.com/biz/marks-optical-denver-2?osq=plastic+surgery,,,,,,
